id,group,name,email,gender,drug
1,alpha,Leonora,loughtright0@shutterfly.com,Female,Hydrocortisone
2,beta,Lyssa,lpoe1@kickstarter.com,Female,"Bacitracin Zinc, Neomycin Sulfate, and Polymyxin B Sulfate"
3,,Cristionna,cwaldock2@hp.com,Polygender,ATORVASTATIN CALCIUM
4,gamma,Shelton,sthombleson3@de.vu,Male,"Cetirizine HCl, Pseudoephedrine HCl"
5,beta,Morly,mimesen4@chronoengine.com,Male,ALCOHOL
6,gamma,Cole,calebrooke5@addthis.com,Male,CEFACLOR
7,beta,Onfre,ozumfelde6@alexa.com,Male,LIDOCAINE HYDROCHLORIDE ANHYDROUS and EPINEPHRINE
8,alpha,Marquita,mgrundy7@networksolutions.com,Female,levetiracetam
9,gamma,Garrek,gcubbit8@usatoday.com,Male,"cocoa butter, phenylephrine hcl"
10,alpha,Roseann,rdoxey9@archive.org,Female,Acetaminophen
11,gamma,Madelle,mplantea@chron.com,Female,lamotrigine
12,gamma,Sarette,sgrahamslawb@nasa.gov,Female,PREGABALIN
13,beta,Emmie,ehogginsc@mayoclinic.com,Female,"antihemophilic factor (Recombinant, Plasma/Albumin-Free)"
14,alpha,Mickey,mchalked@huffingtonpost.com,Male,SILICON DIOXIDE and COMFREY ROOT and ARNICA MONTANA ROOT and TOXICODENDRON PUBESCENS LEAF and SULFUR and SANGUINARIA CANADENSIS ROOT and SOLANUM DULCAMARA STEM and COENZYME A and NADIDE and SODIUM DIE
15,beta,Yovonnda,yverseye@comcast.net,Female,TRICLOSAN
16,gamma,Sonia,sbodkerf@ameblo.jp,Female,Petrolatum
17,gamma,Randy,rclemmensg@hostgator.com,Male,Zaleplon
18,gamma,Becka,bwilborh@reverbnation.com,Female,Acetaminophen
19,alpha,Menard,mwildishi@google.com,Male,Fusarium solani
20,gamma,Faber,fbattamsj@squarespace.com,Male,Lisinopril
21,beta,Ulises,uthorbyk@ning.com,Male,Famotidine
22,gamma,Brandy,bgimbrettl@apple.com,Male,"Berberis Vulgaris, Chelidonium Majus, Lappa Major, Phytolacca Decandra, Calcarea Fluorica, Carbo Animalis, Nux Vomica"
23,gamma,Merrile,mhazlewoodm@smugmug.com,Female,Amlodipine Besylate
24,beta,Kerry,kosichevn@ed.gov,Female,HydrALAZINE Hydrochloride
25,,Pierette,ptrevithicko@wisc.edu,Genderfluid,dimethicone
26,gamma,Shalom,streversp@123-reg.co.uk,Male,"Acetaminophen, Phenylephrine HCl, Dextromethorphan HBr and Guiafenesin"
27,gamma,Jilleen,jmathouq@elegantthemes.com,Female,"Titanium Dioxide, Octinoxate"
28,alpha,Maurise,mblewr@statcounter.com,,ALCOHOL
29,beta,Christal,cgillorans@fastcompany.com,Female,"Acetaminophen, Dextromethorphan HBr, Guaifenesin, Phenylephrine HCl"
30,gamma,Roarke,rdigiorgiot@zimbio.com,Non-binary,Ranitidine
31,alpha,Flor,friselyu@ebay.com,Female,Gabapentin
32,beta,April,averricov@amazon.de,Polygender,levothyroxine sodium tablets
33,alpha,Malchy,meardw@free.fr,Male,"octinoxate, octisalate"
34,gamma,,pcarringtonx@marketwatch.com,Female,Triclosan
35,alpha,Giraldo,gfidelusy@prlog.org,Male,Quack Grass
36,alpha,Pooh,pmargramz@google.com.au,Male,Nitrogen
37,alpha,Brinna,bbilston10@umn.edu,Genderqueer,Lovastatin
38,alpha,Chanda,cfrearson11@cnet.com,Female,PRAMIPEXOLE DIHYDROCHLORIDE
39,gamma,Bailie,bmaycey12@home.pl,Polygender,Sertraline Hydrochloride
40,beta,,dpaulisch13@vinaora.com,Female,Levothyroxine Sodium
41,gamma,Patric,pailsbury14@ox.ac.uk,Male,Chloroxylenol
42,beta,Dode,dallam15@latimes.com,Female,Benzethonium Chloride
43,beta,Mina,mtourville16@slate.com,Female,lamivudine
44,alpha,Merrick,mcinelli17@tiny.cc,Male,carvedilol
45,beta,Clayborn,cswine18@blogtalkradio.com,Male,Lidocaine Hydrochloride
46,alpha,Cecil,cbrownsill19@tmall.com,Male,MIRTAZAPINE
47,alpha,Gayleen,gbarnfather1a@themeforest.net,Genderqueer,Metoprolol succinate
48,alpha,Mommy,mraunds1b@umich.edu,Female,POTASSIUM CHLORIDE
49,beta,Fayina,fashwin1c@bloglines.com,Genderfluid,methotrexate
50,gamma,Tremain,tgradwell1d@hugedomains.com,Male,Quetiapine fumarate
51,alpha,,mparzizek1e@youtu.be,Male,Baclofen
52,gamma,Barri,bfremantle1f@nps.gov,Male,"Phytolacca decandra, Symphytum officinale, Bellis perennis, Ledum palustre, Ruta graveolens, Magnesia phosphorica, Silicea,"
53,beta,Audie,asacaze1g@goodreads.com,Female,Gallium nitrate
54,gamma,Scarlett,sfrancescotti1h@ftc.gov,Female,Acetaminophen
55,beta,Laureen,lutterson1i@sciencedirect.com,Female,ALCOHOL
56,beta,,mgarbett1j@comcast.net,Male,Octreotide Acetate
57,gamma,Somerset,srevitt1k@macromedia.com,Male,Acetaminophen
58,alpha,Royal,rgirodon1l@house.gov,Male,"OCTINOXATE, OXYBENZONE"
59,gamma,Harcourt,hwillett1m@ask.com,Male,Cimetidine
60,gamma,Marcille,mubsdell1n@ucoz.ru,Genderfluid,"Avobenzone, Homosalate, Octisalate, Octocrylene and Oxybenzone"
61,beta,Joceline,jpaulon1o@prweb.com,Female,Trichothecium roseum
62,,Arty,ahalpine1p@furl.net,Male,Isopropyl Alcohol
63,gamma,Dorolisa,dplover1q@va.gov,,"Bacitracin Zinc, Neomycin Sulfate and Polymyxin B Sulfate"
64,gamma,Lorrie,lduckering1r@aol.com,Male,triamcinolone acetonide
65,gamma,Niall,nmacginley1s@biglobe.ne.jp,Male,Methadone Hydrochloride
66,beta,Kelsi,kdiehn1t@topsy.com,Female,Salicylic Acid
67,alpha,Hatti,hricarde1u@ucoz.com,Female,FELODIPINE
68,gamma,Mayer,minman1v@flavors.me,Male,"Acetaminophen, Dextromethorphan Hydrobromide, Phenylephrine Hydrochloride"
69,alpha,Benedetto,bwicklen1w@cornell.edu,Male,Meloxicam
70,gamma,Hardy,hnewstead1x@wikia.com,Male,Risperidone
71,alpha,Myron,mbedbury1y@loc.gov,Male,Eprosartan Mesylate
72,alpha,Sholom,slodwig1z@google.com.au,Male,Tolnaftate
73,gamma,Dee dee,ddiruggiero20@yahoo.co.jp,Non-binary,ropinirole
74,beta,Lorens,lhinstock21@mac.com,,"Triamcinolone Acetonide, Lidocaine Hydrochloride, Bupivacaine Hydrochloride, Povidine Iodine"
75,alpha,Corabelle,crollin22@t-online.de,Female,Acetaminophen
76,gamma,Rosanne,rvasyunichev23@youtu.be,Female,HYDROQUINONE
77,alpha,Hill,hnabarro24@nydailynews.com,Male,not applicable
78,gamma,Tirrell,tdowsett25@feedburner.com,Male,Warfarin Sodium
79,alpha,Honoria,hayllett26@japanpost.jp,Female,"Piperine,"
80,,Gasper,ghaselhurst27@google.com,Male,Testosterone Cypionate
81,alpha,Edwin,ecrosen28@auda.org.au,Male,Stavudine
82,gamma,Brandtr,bboissieux29@digg.com,Male,"thrombin, topical (bovine)"
83,alpha,Cello,chowlings2a@friendfeed.com,Male,Guaifenesin and DEXTROMETHORPHAN HYDROBROMIDE
84,gamma,Donovan,djentges2b@opera.com,Male,Bacitracin
85,gamma,Frasier,fkubyszek2c@nifty.com,Male,"INFLUENZA A VIRUS A/CALIFORNIA/7/2009 X-179A (H1N1) ANTIGEN (FORMALDEHYDE INACTIVATED), INFLUENZA A VIRUS A/TEXAS/50/2012 X-223A (H3N2) ANTIGEN (FORMALDEHYDE INACTIVATED), and INFLUENZA B VIRUS B/MASSACHUSETTS/2/2012 BX-51B ANTIGEN (FORMALDEHYDE INACTIVATED)"
86,alpha,Helen,htemplman2d@umich.edu,Female,DOXYCYCLINE HYCLATE
87,alpha,Kenyon,kjeakins2e@fotki.com,Male,Chlordiazepoxide Hydrochloride
88,alpha,Nilson,nbellie2f@dailymotion.com,Male,oseltamivir phosphate
89,beta,Juanita,jshulem2g@umn.edu,Female,Alcohol
90,beta,Rab,rbenois2h@dedecms.com,Male,Cefdinir
91,beta,,ahamlett2i@youtu.be,Male,Metolazone
92,beta,George,gbelvard2j@ucoz.com,Female,mycophenolate mofetil
93,gamma,Winfield,wkinkead2k@newsvine.com,Male,"AVOBENZONE, HOMOSALATE, OCTISALATE, OCTOCRYLENE, OXYBENZONE"
94,gamma,Karissa,kstote2l@google.ru,Female,Prunus spinosa e summ. 30 Special Order
95,,Shepard,smaud2m@reuters.com,Male,ALCOHOL
96,beta,Pat,putting2n@examiner.com,Male,Oxycodone and Acetaminophen
97,beta,Dale,dpeteri2o@virginia.edu,Male,Cephalexin
98,beta,Flor,flicquorish2p@chronoengine.com,Female,"Bermuda Grass, Standardized"
99,gamma,,aavrahamian2q@ustream.tv,Male,Ibuprofen
100,beta,Cosme,cwaddup2r@quantcast.com,Male,Gemfibrozil
101,beta,Jemmy,jcockayne2s@sogou.com,Female,ASAFETIDA - STRYCHNOS IGNATII SEED - NUTMEG
102,beta,Colan,cbolletti2t@flickr.com,Male,Hyoscyamine Sulfate
103,beta,Rudiger,rbargery2u@friendfeed.com,Male,temazepam
104,alpha,Kara,keverall2v@ucsd.edu,Female,Simethicone
105,beta,Nancy,nskoof2w@amazon.de,Female,Isosorbide Dinitrate
106,alpha,Vitoria,vtawse2x@vistaprint.com,Female,"OXYBENZONE, OCTINOXATE, TITANIUM DIOXIDE"
107,gamma,Bud,bilyas2y@drupal.org,Male,Hydrocodone Bitartrate and Acetaminophen
108,alpha,Gennie,gpaolazzi2z@reference.com,Female,LIDOCAINE AND PRILOCAINE
109,beta,Regan,rfoley30@hugedomains.com,Male,HYDROQUINONE
110,gamma,Judye,jfleetham31@illinois.edu,,Lidocaine
111,gamma,Abbi,afaulkes32@twitter.com,Female,TRICLOSAN
112,beta,Lonnie,lduffitt33@sitemeter.com,Male,Omeprazole
113,beta,Abbott,amatschuk34@engadget.com,Male,Topical Analgesic
114,alpha,Buddie,brising35@reverbnation.com,Male,Atorvastatin Calcium
115,beta,Retha,rmahood36@kickstarter.com,Female,"OCTINOXATE, TITANIUM DIOXIDE, and ZINC OXIDE"
116,beta,Brunhilde,bwheildon37@com.com,Female,TRAMADOL HYDROCHLORIDE
117,alpha,Grannie,gbover38@businessinsider.com,Male,not applicable
118,gamma,Lyon,lshark39@jiathis.com,Male,Disulfiram
119,,Deny,driddle3a@sina.com.cn,Female,"Cimicifuga Racemosa, Fucus Vesiculosus, Glycyrrhiza Glabra, Xathoxylum Fraxineum, Adrenalinum, Brain (Suis), Hypothalamus (Suis)"
120,beta,Birdie,bbettles3b@adobe.com,,"Mineral oil, Petrolatum, Phenylephrine HCl, Shark liver oil"
121,beta,Yorgo,ygouly3c@wiley.com,Male,Clindamycin Hydrochloride
122,alpha,,erummings3d@virginia.edu,Female,Furosemide
123,gamma,,ghunday3e@ca.gov,Female,Utah Juniper
124,beta,Pierre,pcoull3f@privacy.gov.au,Male,"OCTINOXATE, OXYBENZONE, TITANIUM DIOXIDE"
125,beta,Sisely,srenfree3g@paginegialle.it,Female,Olanzapine
126,alpha,Betteann,bhamel3h@scientificamerican.com,Female,Norethindrone Acetate/Ethinyl Estradiol and Ferrous Fumarate
127,alpha,Marwin,mheckney3i@forbes.com,Male,Interferon alfacon-1
128,gamma,Enid,echurch3j@cornell.edu,Female,ibandronate sodium
129,alpha,Sheree,swalliker3k@whitehouse.gov,Female,"Aconitum napellus, Apis mellifera, Atropa belladonna, Solanum dulcamara top, Mercurius solubilis, Phytolacca americana root"
130,beta,Elwood,emonckton3l@newyorker.com,Male,diphenhydramine hydrochloride
131,alpha,,serdes3m@youtube.com,Female,Liothyronine Sodium
132,gamma,Berty,bpearse3n@unesco.org,Male,Phenol
133,beta,Shurwood,smagrane3o@bloomberg.com,Male,"Octinoxate, Octisalate and Avobenzone"
134,alpha,Elora,epetrillo3p@vinaora.com,Female,Acetaminophen
135,alpha,Freida,fnelthropp3q@blogger.com,Female,Aspirin
136,beta,Shell,sbilsford3r@tripod.com,Male,"MATRICARIA RECUTITA, ARABICA COFFEE BEAN, STRYCHNOS IGNATII SEED, LYCOPODIUM CLAVATUM SPORE, SODIUM CHLORIDE, PLATINUM, PULSATILLA VULGARIS, DATURA STRAMONIUM, and SULFUR"
137,alpha,Melly,mdungay3s@about.me,Female,Diltiazem Hydrochloride
138,beta,Rod,rwallworke3t@theatlantic.com,Male,"AVOBENZONE, OCTINOXATE, OCTISALATE"
139,alpha,Merissa,mfilkov3u@alexa.com,Female,tapentadol hydrochloride
140,gamma,Elnar,erosario3v@de.vu,Male,ETHAMBUTOL HYDROCHLORIDE
141,gamma,Terrel,tbreed3w@csmonitor.com,Male,Ranitidine
142,beta,,bcastleman3x@netscape.com,Female,"Acetaminophen, Asprin, Caffeine"
143,alpha,Cherida,clourenco3y@last.fm,Female,SALICYLIC ACID
144,alpha,June,jstrephan3z@forbes.com,Female,lomitapide mesylate
145,alpha,Ramsey,rdaglish40@kickstarter.com,,"Fucus Vesiculosus, Spongia Tosta, Glandula Suprarenalis Suis, Pituitaria Glandula (Suis), Thyroidinum (Suis), Bromium, Calcarea Carbonica"
146,alpha,Haleigh,hhorsefield41@sohu.com,Male,psyllium husk
147,alpha,Katleen,kkillich42@icq.com,Female,"LIDOCAINE HYDROCHLORIDE,EPINEPHRINE BITARTRATE"
148,gamma,Alric,arandal43@blog.com,Agender,Benzoyl peroxide
149,gamma,Celisse,cwhines44@weibo.com,Female,clarithromycin
150,beta,Greg,glyddy45@privacy.gov.au,Male,"ARNICA MONTANA, ARISAEMA TRIPHYLLUM ROOT, BELLADONNA LEAF, BROMINE, BRYONIA ALBA ROOT, MERCURIUS SOLUBILIS, PHYTOLACCA AMERICANA ROOT, PULSATILLA VULGARIS, SPONGIA OFFICINALIS SKELETON, ROASTED"
151,beta,Pall,pfergusson46@comcast.net,Male,Clobetasol Propionate
152,alpha,Rowney,rbroggetti47@newyorker.com,Male,Hydrocortisone Acetate
153,alpha,Libby,lsaynor48@topsy.com,Female,"ONION, AMBROSIA ARTEMISIIFOLIA, HISTAMINE DIHYDROCHLORIDE, SCHOENOCAULON OFFICINALE SEED, EUPHRASIA STRICTA, SOLIDAGO VIRGAUREA FLOWERING TOP"
154,alpha,Odelinda,ofiorentino49@arstechnica.com,Female,dutasteride and tamsulosin hydrochloride
155,beta,Claiborn,cpointon4a@amazon.co.uk,Male,Black Cottonwood
156,alpha,Amory,abowdrey4b@php.net,Male,Heal Grief
157,alpha,Harwell,hlortzing4c@hao123.com,Male,"ATP (Adenosine triphosphate disodium), Malic Acid, Natrum oxalaceticum, Oroticum acidum, Riboflavinum, Apiolum, Cinnamic acid, DHEA (Dehydroepiandrosterone),"
158,beta,Roselle,rriolfo4d@house.gov,Female,TRICLOSAN
159,alpha,Sloan,sciccottio4e@jalbum.net,Male,Citalopram
160,gamma,Berkly,btimms4f@webmd.com,Male,RISPERIDONE
161,,Meghan,mdennis4g@loc.gov,Female,conjugated estrogens/bazedoxifene
162,beta,Gonzales,gblinkhorn4h@sogou.com,Male,Oxcarbazepine
163,beta,Drusy,dlinney4i@bluehost.com,Genderfluid,ESZOPICLONE
164,gamma,Jeramey,jborges4j@scribd.com,Male,"TITANIUM DIOXIDE, OCTINOXATE"
165,alpha,Cassaundra,corlton4k@dropbox.com,,UREA
166,beta,Faber,fheis4l@bigcartel.com,Male,Number Ten Mold Mixture
167,alpha,Ave,acarek4m@cocolog-nifty.com,Male,Clindamycin Hydrochloride
168,alpha,Reynolds,rjannasch4n@cyberchimps.com,Male,oxycodone hydrochloride
169,gamma,Candida,ccurd4o@dagondesign.com,Female,fluoxetine hydrochloride
170,alpha,Yorgo,ypalphramand4p@163.com,Male,"AVOBENZONE, HOMOSALATE, OCTISALATE, OCTOCRYLENE, OXYBENZONE"
171,alpha,Sly,screan4q@trellian.com,Male,Ranitidine
172,alpha,Rhona,rcastellaccio4r@dailymail.co.uk,Female,"Fagopyrum Esculentum, Magnesia Muriatica, Bioflavonoids, Cor, Thyroidinum, Arsenicum Iodatum, Aurum Muriaticum"
173,beta,Lucho,lcoutthart4s@java.com,Male,Norethindrone Acetate and Ethinyl Estradiol and Ferrous Fumarate
174,gamma,Lacie,lommanney4t@feedburner.com,Female,laronidase
175,beta,Laetitia,lblyth4u@slashdot.org,Female,Rough Marsh Elder
176,alpha,Lester,lwasielewicz4v@cbslocal.com,,Aluminum Zirconium Tetrachlorohydrex GLY
177,gamma,Valentijn,vgraddell4w@newsvine.com,Male,hydrocortisone sodium succinate
178,beta,Cirillo,cfrostdicke4x@cornell.edu,Male,Clotrimazole
179,,Corella,cgambie4y@theatlantic.com,Genderfluid,fentanyl citrate
180,alpha,Eleanor,ethorby4z@blogspot.com,Female,Salicylic Acid
181,beta,Kerrill,kpotticary50@typepad.com,Female,Diltiazem Hydrochloride
182,alpha,Damaris,dmaclaverty51@vinaora.com,Female,Bupropion hydrochloride
183,gamma,Marylynne,mshellsheere52@rediff.com,Female,Sodium Chloride
184,gamma,Dorolisa,dbecks53@reuters.com,Female,"Octinoxate, Octisalate"
185,beta,Kalie,kyair54@multiply.com,,cilostazol
186,beta,Ameline,acamilli55@marketwatch.com,Female,olmesartan medoxomil and hydrochlorothiazide
187,beta,Augustina,abartoszewicz56@bravesites.com,Female,"OCTINOXATE, OXYBENZONE, TITANIUM DIOXIDE"
188,beta,Kristyn,kgather57@t-online.de,Female,"OCTINOXATE, TITANIUM DIOXIDE, OXYBENZONE"
189,gamma,Amata,agrimston58@foxnews.com,Female,"dimethicone, octinoxate, octisalate, oxybenzone"
190,gamma,Henka,hfluger59@jiathis.com,Genderqueer,fluconazole
191,beta,Alina,apichan5a@over-blog.com,Female,Botrytis cinerea
192,beta,Annalise,ahatje5b@china.com.cn,,Cephalexin
193,alpha,Kyrstin,koselton5c@flavors.me,Female,isotretinoin
194,alpha,Janaye,jwickman5d@wikispaces.com,Female,Clotrimazole
195,beta,Hailee,hdjurisic5e@elpais.com,Female,Petroleum
196,gamma,Harriet,hdowers5f@a8.net,Female,Tolterodine Tartrate
197,gamma,Lavina,lbrownsall5g@eepurl.com,Female,"Cyanocobalamin, Glandula suprarenalis suis, Kali carbonicum, L-carnitine, L-glutamine, L-ornithine, L-tryptophan, L-tryosine, Oophorinum,"
198,gamma,Junina,jchudleigh5h@shinystat.com,Female,DIMETHICONE and ZINC OXIDE
199,beta,Kaycee,kousby5i@businessinsider.com,Female,OCTINOXATE and TITANIUM DIOXIDE
200,alpha,Flor,fnorwich5j@is.gd,Female,Quetiapine fumarate
